Сумка-шоппер «Устал уставать»,600 ₽
Сумка-шоппер «Ты достаточно хорош»,600 ₽
Сумка-шоппер «Решая проблемы»,600 ₽
Сумка-шоппер «Произошел клоунизм»,600 ₽
Сумка-шоппер «Пауэр»,600 ₽
Сумка-шоппер «Никому не верю»,600 ₽
Сумка-шоппер «Куроми»,600 ₽
Сумка-шоппер «Котэ»,600 ₽
Сумка-шоппер «Во!»,600 ₽
"Сумка-шоппер «Witch, please»",600 ₽
Сумка-шоппер «Hello»,600 ₽
Носки «Cute bears»,280 ₽
Носки «The fish planet»,290 ₽
Носки «Playing with dinosaurs»,340 ₽
Носки «Нежность»,200 ₽
Носки «Smile be happy»,250 ₽
Носки «Flowers and a cat»,220 ₽
Носки «Гляделки»,220 ₽
Носки «The duck asks»,220 ₽
Носки «Phrase»,220 ₽
Носки «Nice»,220 ₽
Носки «Colored ice cream»,200 ₽
Носки «Butterfly»,240 ₽
Носки «Three geese»,370 ₽
Носки «18+»,370 ₽
Носки «Many cats»,280 ₽
Носки «Cute duck»,180 ₽
Носки «In the sky»,190 ₽
Носки «Colored cell»,230 ₽
Носки «Emotions»,170 ₽
Носки «Colorful bears»,170 ₽
Носки «Nice dru»,170 ₽
Носки «Delicious strawberries»,160 ₽
Носки «Different breeds of cats»,350 ₽
Носки «Cute duck»,210 ₽
Носки «Cute frog»,210 ₽
Носки «Happy face»,180 ₽
Носки «Striped Cat»,330 ₽
Подвеска на цепочке «Gentle Haribo»,250 ₽
Подвески на цепочке «Dream»,590 ₽
Подвеска на цепочке «Грибочек»,200 ₽
Подвеска с бусинами «Haribo»,290 ₽
Браслет «Rainbow chain»,200 ₽
Серьги «Sugar hearts»,150 ₽
Цепочка на маску «Beads»,200 ₽
Цепочка на маску «Haribo»,230 ₽
Цепочка на маску «Smile»,230 ₽
Серьги «Cat and flower»,230 ₽
Серьги «Matte rings»,230 ₽
Кольцо «Chess game»,200 ₽
Цепочка на маску «Color»,150 ₽
Рюкзак «Little rabbit»,1500 ₽
Рюкзак «Медвежонок»,1800 ₽
Рюкзак «Black cat»,1750 ₽
Рюкзак «Sailor moon cat»,1600 ₽
Рюкзак «Rucksack»,1200 ₽
Рюкзак «Electric Heart»,1800 ₽
Рюкзак «Bear»,1500 ₽
Рюкзак «Bright Cage»,1100 ₽
Рюкзак «Pick me up»,1900 ₽
Носки «Black and green smiles»,230 ₽
Носки «Colored flowers»,240 ₽
Носки «Smile flowers»,250 ₽
Носки «Bright rainbow»,250 ₽
Носки «Bright Cage»,260 ₽
Носки «Many smiles»,210 ₽
Резинка для волос «Bright Bear»,130 ₽
Заколка для волос «Sweet Bear»,70 ₽
Заколка для волос «Мандаринки»,110 ₽
Набор цветных резинок для волос «Bright hairstyle»,310 ₽
Набор резинок для волос «Rainbow»,210 ₽
Кольцо «Haribo»,200 ₽
Кольцо «Cute bear Haribo»,200 ₽
Резинка для волос «Кошечка»,170 ₽
Набор резинок для волос «Color smile»,360 ₽
Ободок «Flower ears»,270 ₽
Ободок «Beautiful ears»,250 ₽
Ободок «Diamond ears»,330 ₽
Резинка для волос «Frog»,80 ₽
Плетеная корзинка для мелочей,680 ₽
Значок круглый «Человек-бензопила» большой,100 ₽
Значок круглый «Тетрадь смерти» большой,100 ₽
Значок круглый «Магическая битва» большой,100 ₽
Значок круглый «Демон Слэер» большой,100 ₽
Значок круглый «Геройская академия» большой,100 ₽
Значок круглый «Анимешник» большой,100 ₽
Значок круглый «Genshin impact» большой,100 ₽
Брошь «Butterfly»,200 ₽
Набор резинок для волос «Color balls»,390 ₽
Набор резинок для волос «Color hares»,390 ₽
Ободок «Рыбка»,280 ₽
Ободок «Принцесса»,160 ₽
Ободок «Коровка»,120 ₽
Ободок «Кошечка»,120 ₽
Набор заколок для волос «Blue butterfly»,150 ₽
Ободок «Нечисть»,190 ₽
Рюкзак «Candy pistol»,550 ₽
Брошь-значок «Time of the witches»,190 ₽
Брошь-значок «Трехголовый зверь»,190 ₽
Брошь-значок «Girl»,190 ₽
Брошь-значок «Alien cat»,190 ₽
Брошь-значок «Звездная лиса»,190 ₽
Брошь-значок «Небесный кролик»,190 ₽
Брошь-значок «Cat's box»,190 ₽
Брошь-значок «Eat & sleep social club»,190 ₽
Брошь-значок «Котик и рыбка»,190 ₽
Брошь-значок «Сушикот»,190 ₽
Брошь-значок «Маленький принц»,190 ₽
Брошь-значок «Animal cocktail»,190 ₽
Брошь-значок «Central perk»,190 ₽
Цепочка «Smile»,410 ₽
Резинка для волос «Fruit»,90 ₽
Палетка теней «Witch»,1020 ₽
Тинт для губ «Gradient»,300 ₽
Палетка хайлайтеров «Давид»,560 ₽
Матовая губная помада «Wine»,"270 
210 ₽"
Карандаш для бровей «Bright lady»,200 ₽
Губная помада «Lace flower»,360 ₽
Палетка теней «Wine & only»,"600 
530 ₽"
Палетка теней «Unicorn dreams»,"560 
480 ₽"
Палетка хайлайтеров «Big eyes»,"670 
590 ₽"
Палетка теней «Радуга»,1300 ₽
Набор декоративных блесток «Bright diva»,720 ₽
Блеск для губ «Stars»,180 ₽
Футляр для карт «Пикачу»,220 ₽
Футляр для карт «Baby dreams»,220 ₽
Футляр для карт «Smile sky»,220 ₽
Ловец солнца «Crystal»,300 ₽
Мантия «Demon Slayer»,1950 ₽
Мантия «Атака титанов»,1590 ₽
Мантия «Гриффиндор»,2020 ₽
Мантия «Слизерин»,2020 ₽
Мантия «Акацуки»,2220 ₽
Маска «Squid Game»,"480 
240 ₽"
Набор цветных резинок для волос «Brightness»,310 ₽
Заколки-крабики «Звезды»,"280 
170 ₽"
Заколки-крабики «Короны»,"280 
170 ₽"
Носки «Blue hare»,130 ₽
Носки «Наплыв котиков»,240 ₽
Плюшевый рюкзак «Cute cat»,1280 ₽
Носки «Blue cat»,"240 
210 ₽"
Носки «Caution»,"280 
250 ₽"
Зеркальце «Space trip»,60 ₽
Носки «Aliens»,140 ₽
Носки «Bad guy»,230 ₽
Складное зеркало «Milky cat»,"440 
360 ₽"
Складное зеркало «Bear»,"430 
350 ₽"
Заколки для волос «Cute ears»,130 ₽
Ободок «Чертенок»,160 ₽
Ободок «Летучая мышь»,170 ₽
Носки «Animal heads»,200 ₽
Меховой ободок «Cute ears»,310 ₽
Носки «Day dream»,480 ₽
Носки «Haribo»,170 ₽
Кошелек «Моя геройская академия»,950 ₽
Косметичка «Milky cat»  большая,810 ₽
Косметичка «Milky cat» маленькая,430 ₽
Сумка-шоппер «Итачи»,550 ₽
Ободок «Goose»,"360 
180 ₽"
Носки «New Year's mood»,170 ₽
,
,
,
,
,
